{
  "project_info": {
    "project_number": "490246374907",
    "project_id": "shukla-b68e7",
    "storage_bucket": "shukla-b68e7.appspot.com"
  },
  "client": [
    {
      "client_info": {
        "mobilesdk_app_id": "1:490246374907:android:a9e942144c2824fb30b75e",
        "android_client_info": {
          "package_name": "com.mycompany.shuklaproject"
        }
      },
      "oauth_client": [],
      "api_key": [
        {
          "current_key": "AIzaSyBNV26T71L9yc_ZZNgmzpK63tx5wmgajHA"
        }
      ],
      "services": {
        "appinvite_service": {
          "other_platform_oauth_client": []
        }
      }
    }
  ],
  "configuration_version": "1"
}